MAG,KEGG,Corr_Cancer,Corr_Control,Z_Diff,P_Value
Prevotella_shahii,K01589,-0.5225930372148859,-0.03076923076923077,-0.5491214571514976,0.007452027528798366
Prevotella_shahii,K01923,-0.5762785114045619,-0.23067873303167422,-0.42196657268347126,0.039753919412033545
Veillonella_parvula_A,K01923,0.40533013205282115,0.010497737556561085,0.41951243470375105,0.040920222568918696
Parvimonas_micra,K23264,0.2769267707082833,-0.12877828054298643,0.41384783229642486,0.043723372065415766
Prevotella_shahii,K01933,-0.444609843937575,-0.06579185520361991,-0.41207482392608585,0.04463340777695812
Veillonella_parvula_A,K00764,0.39937575030012007,0.017737556561085974,0.4051665793836355,0.048333066564986815
